ResiduePair,Percentage
"(D173.A, E141.A)",26.704966641957007
"(E152.D, N184.D)",25.880281690140844
"(E152.C, N184.C)",24.027057079318013
"(E152.B, N184.B)",23.387694588584136
