Residue,Percentage
E152.C,17.332242225859247
D173.A,16.121112929623568
E152.D,15.875613747954173
E152.B,14.410801963993453
E141.A,10.50736497545008
N184.B,9.525368248772505
N184.D,8.731587561374795
N184.C,7.495908346972177
