Residue,StartCount,Percentage
E152.D,21,27.631578947368425
E152.C,11,14.473684210526317
N184.C,7,9.210526315789473
E152.B,7,9.210526315789473
E141.A,5,6.578947368421052
N184.B,4,5.263157894736842
N184.D,4,5.263157894736842
D173.A,3,3.9473684210526314
