Simulation,Metric,Residue,PDB_Label,Gaussian_Mean,Gaussian_StdDev
G12_RUN2,com_to_sf_com_distance,99,E141.D,12.141744559063634,0.07507645137883442
G12_RUN2,com_to_sf_com_distance,424,E152.C,11.560583845538007,0.08881702142142468
G12_RUN2,com_to_sf_com_distance,749,E152.B,10.784338315715527,0.061786048739677635
G12_RUN2,com_to_sf_com_distance,1074,E152.A,10.979445722656779,0.08714455026763188
