Simulation,Metric,Residue,PDB_Label,Gaussian_Mean,Gaussian_StdDev
G12_RUN2,radial_distance,99,E141.D,11.909948268770629,0.11417927015632567
G12_RUN2,radial_distance,424,E152.C,11.062441097471964,0.13783826153581966
G12_RUN2,radial_distance,749,E152.B,10.216210289720522,0.07517312319449639
G12_RUN2,radial_distance,1074,E152.A,10.474443869512136,0.10194577666954863
