Simulation,Metric,Residue,PDB_Label,Gaussian_Mean,Gaussian_StdDev
G12_RUN2,z_offset_from_sf,99,E141.D,0.755095192029765,0.1835031143820981
G12_RUN2,z_offset_from_sf,424,E152.C,2.444160703719316,0.19083737197760758
G12_RUN2,z_offset_from_sf,749,E152.B,3.7278322097160532,0.11830060191370186
G12_RUN2,z_offset_from_sf,1074,E152.A,3.971011587924133,0.111674116481172
