ion_id,frame,ionic_force,ionic_force_magnitude,ionic_motion_component,cosine_ionic_motion,radial_force,axial_force,motion_vector
1341,6727,"[-1.692137971520424, -1.5040080696344376, -14.485872626304626]",14.661714665539922,14.163794306689224,0.966039418293893,2.2639282648058354,-14.485872626304626,"[-2.123394012451172, -5.271274566650391, -13.770347595214844]"
1355,6562,"[-2.398833990097046, 1.0760656893253326, -11.748897433280945]",12.039473110462255,9.926848374128314,0.8245251501497953,2.6291294908749014,-11.748897433280945,"[0.9076499938964844, 0.5763206481933594, -2.2060546875]"
1465,6670,"[0.6474906206130981, -2.299330085515976, -12.219743251800537]",12.451035623026126,11.82064111137415,0.949370114202696,2.3887576155694075,-12.219743251800537,"[2.794261932373047, -3.508880615234375, -8.422462463378906]"
1374,6748,"[3.8711565732955933, -10.250398457050323, -8.39615273475647]",13.80405384257204,3.2285507023076883,0.23388424437687708,10.957030699202651,-8.39615273475647,"[-3.18218994140625, 1.0184707641601562, -5.033805847167969]"
