ion_id,frame,ionic_force,ionic_force_magnitude,ionic_motion_component,cosine_ionic_motion,radial_force,axial_force,motion_vector
1341,6727,"[-1.6921379119157791, -1.5040085464715958, -14.485872149467468]",14.661714236456785,14.163794026145073,0.9660394274310968,2.26392853703519,-14.485872149467468,"[-2.123394012451172, -5.271274566650391, -13.770347595214844]"
1355,6561,"[-2.351348042488098, 2.377216547727585, -11.267191410064697]",11.75285490435146,10.09789668287035,0.8591867052771691,3.343650121005855,-11.267191410064697,"[-0.17771148681640625, -1.4416885375976562, -4.5340423583984375]"
1465,6670,"[0.6474906206130981, -2.299330085515976, -12.219743251800537]",12.451035623026126,11.82064111137415,0.949370114202696,2.3887576155694075,-12.219743251800537,"[2.794261932373047, -3.508880615234375, -8.422462463378906]"
1374,6748,"[3.8711565881967545, -10.250397980213165, -8.39615249633789]",13.8040533476533,3.2285505761975903,0.23388424362663351,10.957030258381934,-8.39615249633789,"[-3.18218994140625, 1.0184707641601562, -5.033805847167969]"
