ion_id,frame,ionic_force,ionic_force_magnitude,ionic_motion_component,cosine_ionic_motion,radial_force,axial_force,motion_vector
1355,6562,"[-2.398833990097046, 1.0760656893253326, -11.748897433280945]",12.039473110462255,9.926848374128314,0.8245251501497953,2.6291294908749014,-11.748897433280945,"[0.9076499938964844, 0.5763206481933594, -2.2060546875]"
1380,6427,"[-0.2791014462709427, -1.3958299160003662, -5.224152207374573]",5.41461033293521,4.929475292244854,0.9104025939337784,1.423460140542095,-5.224152207374573,"[-0.68609619140625, -1.8134956359863281, -2.36322021484375]"
1476,6489,"[0.08745789527893066, -0.2358883023262024, -6.48811411857605]",6.492989834451215,6.441562097988405,0.9920794983860995,0.25157936048284696,-6.48811411857605,"[-0.4549713134765625, -0.05165863037109375, -4.110870361328125]"
2434,6017,"[-0.8119779080152512, -0.011606216430664062, -5.009792447090149]",5.075181099260022,5.0078654323088685,0.9867363024817049,0.8120608520084311,-5.009792447090149,"[-2.9125900268554688, 0.1522216796875, -8.711753845214844]"
2443,6202,"[0.6958926767110825, 0.9939079508185387, -11.50406539440155]",11.56787103277296,10.889507105460831,0.9413579278857575,1.2133093720071653,-11.50406539440155,"[-2.0924835205078125, 2.2961883544921875, -8.451950073242188]"
1443,6359,"[1.134434700012207, 1.7107899188995361, -11.039288759231567]",11.228519071760822,10.806614703193706,0.9624256443907919,2.0527406643802006,-11.039288759231567,"[-0.6173133850097656, -0.041637420654296875, -5.064704895019531]"
1341,6727,"[-1.692137971520424, -1.5040080696344376, -14.485872626304626]",14.661714665539922,14.163794306689224,0.966039418293893,2.2639282648058354,-14.485872626304626,"[-2.123394012451172, -5.271274566650391, -13.770347595214844]"
1465,6670,"[0.6474906206130981, -2.299330085515976, -12.219743251800537]",12.451035623026126,11.82064111137415,0.949370114202696,2.3887576155694075,-12.219743251800537,"[2.794261932373047, -3.508880615234375, -8.422462463378906]"
1374,6748,"[3.8711565732955933, -10.250398457050323, -8.39615273475647]",13.80405384257204,3.2285507023076883,0.23388424437687708,10.957030699202651,-8.39615273475647,"[-3.18218994140625, 1.0184707641601562, -5.033805847167969]"
