ion_id,frame,ionic_force,ionic_force_magnitude,motion_component_ionic,cosine_ionic_motion,radial_force,axial_force,motion_vector
2397,969,"[-0.6533946990966797, -10.039370894432068, -4.531984925270081]",11.034254843515834,2.5535303722644915,0.23141846989015732,10.06061094510554,-4.531984925270081,"[5.960777282714844, 2.729267120361328, -17.362136840820312]"
2381,946,"[9.601044714450836, -11.661227077245712, -1.726461909711361]",15.203451821269311,-4.06156019053805,-0.2671472398693047,15.105107631393194,-1.726461909711361,"[-0.46352386474609375, 6.322200775146484, -12.438140869140625]"
2223,959,"[4.858075797557831, 4.064697861671448, -12.652370154857635]",14.149386548434736,10.540826025995635,0.7449669983863509,6.334245745271775,-12.652370154857635,"[-1.7506599426269531, -5.281822204589844, -18.320533752441406]"
