ion_id,frame,ionic_force,ionic_force_magnitude,motion_component_ionic,cosine_ionic_motion,radial_force,axial_force,motion_vector
2333,1248,"[-3.3383673429489136, 11.95009446144104, -6.190477780997753]",13.866198805399353,9.180969760765738,0.6621115050788658,12.407636928675483,-6.190477780997753,"[-1.2147483825683594, 0.6887054443359375, -0.09078216552734375]"
2343,1186,"[2.4428126215934753, 0.49578909622505307, -8.41463577747345]",8.7760603689633,8.280676746972738,0.9435528470448431,2.492617165180414,-8.41463577747345,"[4.815853118896484, -3.690704345703125, -12.438545227050781]"
2372,1248,"[-9.981672696769238, -4.027546465396881, -5.427530646324158]",12.054584574888814,-10.895716383016005,-0.9038649416184051,10.76359235368747,-5.427530646324158,"[3.4089317321777344, 1.604522705078125, 0.10662841796875]"
2334,1248,"[3.699047952890396, -14.163208246231079, -8.058695323765278]",16.709936980885566,-2.613813113001731,-0.15642267927112244,14.638286224278122,-8.058695323765278,"[-5.621417999267578, 1.4537582397460938, -3.01348876953125]"
2230,1225,"[-0.9318812191486359, -2.220571478828788, -13.284280061721802]",13.500793941744657,13.213801346110994,0.978742539374201,2.408181948937791,-13.284280061721802,"[1.012481689453125, -0.3558006286621094, -11.524864196777344]"
2515,1219,"[-7.849294036626816, 10.417173475027084, -12.752289831638336]",18.241431304377944,5.720300019439035,0.31358833218674914,13.043347732933947,-12.752289831638336,"[9.918651580810547, -4.4640045166015625, -19.940650939941406]"
2280,1248,"[13.266657590866089, 2.8086227253079414, -3.7235074639320374]",14.062612597961968,0.5318098541636465,0.03781728682767804,13.560699290464376,-3.7235074639320374,"[-0.21262359619140625, 0.6027069091796875, -0.4115142822265625]"
