ion_id,frame,ionic_force,ionic_force_magnitude,motion_component_ionic,cosine_ionic_motion,radial_force,axial_force,motion_vector
2397,969,"[-0.6533946990966797, -10.039370059967041, -4.531984776258469]",11.03425402308687,2.5535303555778217,0.2314184855845346,10.060610112402243,-4.531984776258469,"[5.960777282714844, 2.729267120361328, -17.362136840820312]"
2381,946,"[9.601044237613678, -11.661227107048035, -1.7264618799090385]",15.203451539619078,-4.061560214754879,-0.2671472464111686,15.105107351315537,-1.7264618799090385,"[-0.46352386474609375, 6.322200775146484, -12.438140869140625]"
2223,959,"[4.85807591676712, 4.0646979212760925, -12.652371108531952]",14.149387459261723,10.54082691116718,0.7449670129901985,6.334245874948247,-12.652371108531952,"[-1.7506599426269531, -5.281822204589844, -18.320533752441406]"
