ResiduePair,Percentage
"(E152.C, N184.C)",29.57710940654017
"(D173.A, E141.A)",26.816713766653212
"(E152.B, N184.B)",26.196003229713362
"(E152.D, N184.D)",17.41017359709326
