Residue,Percentage
D173.A,24.435873564747084
E152.C,18.247107328102143
E152.B,13.769561555171345
N184.C,13.228709491510395
N184.D,11.685951145985724
N184.B,10.692911291395133
E152.D,4.646007891120274
E141.A,3.2938777319679033
