Residue,StartCount,Percentage
D173.A,6,40.0
N184.D,5,33.33333333333333
N184.B,2,13.333333333333334
E152.D,1,6.666666666666667
E152.C,1,6.666666666666667
