ResiduePair,Percentage
"(D173.A, E141.A)",33.06293340311396
"(E152.C, N184.C)",31.63679183566662
"(E152.D, N184.D)",22.37341358105456
"(E152.B, N184.B)",12.926861180164856
