Residue,Percentage
E152.C,22.896400778210115
D173.A,21.36429961089494
E152.D,17.570525291828794
E141.A,11.879863813229571
N184.C,11.697470817120623
N184.B,11.454280155642023
N184.D,3.125
E152.B,0.012159533073929961
