Simulation,Metric,Residue,PDB_Label,Gaussian_Mean,Gaussian_StdDev
G2_RUN1,com_to_sf_com_distance,98,E152.A,11.068874642211206,0.06218424041604802
G2_RUN1,com_to_sf_com_distance,426,E152.B,11.661954018388219,0.09561738947610382
G2_RUN1,com_to_sf_com_distance,754,E152.C,11.159700006011985,0.05829877155224047
G2_RUN1,com_to_sf_com_distance,1082,E152.D,11.46153498154926,0.1042088517509242
