Simulation,Metric,Residue,PDB_Label,Gaussian_Mean,Gaussian_StdDev
G2_RUN1,radial_distance,98,E152.A,10.449271775501893,0.08251312542773839
G2_RUN1,radial_distance,426,E152.B,11.549703424957494,0.1073739961468738
G2_RUN1,radial_distance,754,E152.C,10.435885473020734,0.0786617403466172
G2_RUN1,radial_distance,1082,E152.D,11.237601051876748,0.12652770772867467
