Simulation,Metric,Residue,PDB_Label,Gaussian_Mean,Gaussian_StdDev
G2_RUN1,z_offset_from_sf,98,E152.A,2.8421548023428547,0.10347841423067355
G2_RUN1,z_offset_from_sf,426,E152.B,1.3936142532654656,0.17729163590543248
G2_RUN1,z_offset_from_sf,754,E152.C,3.3908973776492886,0.10596523380030866
G2_RUN1,z_offset_from_sf,1082,E152.D,2.29434524469285,0.22182179252936787
