Residue,Percentage
E152.C,23.17946186126882
D173.A,21.01950135768946
E152.D,17.810417180942977
E141.A,11.898296716860035
N184.C,11.68847198222661
N184.B,11.256479881510737
N184.D,3.1350283880523326
E152.B,0.012342631449024932
