ResiduePair,Percentage
"(D173.A, E141.A)",32.72292993630573
"(E152.C, N184.C)",31.913481953290873
"(E152.D, N184.D)",22.611464968152866
"(E152.B, N184.B)",12.752123142250532
