Residue,StartCount,Percentage
N184.B,28,58.333333333333336
E152.D,6,12.5
E152.C,3,6.25
N184.C,2,4.166666666666666
E141.A,2,4.166666666666666
D173.A,1,2.083333333333333
N184.D,1,2.083333333333333
