ResiduePair,Percentage
"(D173.A, E141.A)",29.472662568747975
"(E152.D, N184.D)",27.75261511916316
"(E152.C, N184.C)",26.835975412487866
"(E152.B, N184.B)",15.938746899600991
