Residue,Percentage
E152.D,20.040020010005
E152.C,19.65982991495748
D173.A,18.674337168584294
E141.A,10.600300150075038
N184.B,9.229614807403703
N184.C,8.904452226113056
N184.D,6.598299149574788
E152.B,6.293146573286644
