Residue,StartCount,Percentage
N184.B,33,26.61290322580645
E152.D,20,16.129032258064516
E152.C,11,8.870967741935484
E152.B,7,5.64516129032258
N184.C,6,4.838709677419355
N184.D,5,4.032258064516129
E141.A,4,3.225806451612903
D173.A,3,2.4193548387096775
