start_frame,frame,permeated_ion,ionic_force_magnitude,glu_force_magnitude,asn_force_magnitude,residue_force_magnitude,total_force_magnitude,cosine_total_motion,cosine_glu_motion,cosine_asn_motion,cosine_residue_motion,cosine_ionic_motion,motion_component_total,motion_component_glu,motion_component_asn,motion_component_residue,motion_component_ionic,motion_component_percent_total,motion_component_percent_glu,motion_component_percent_asn,motion_component_percent_residue,motion_component_percent_ionic
800,959,2223,14.149387459261723,6.384150212015385,8.06541268238243,8.183362623529675,20.654406353989337,0.4895058301155846,-0.9486353088541054,0.35828874894794943,-0.6029053600655249,0.7449670129901985,10.110452327854155,-6.056230308146217,2.889746619719726,-4.933793189085916,10.54082691116718,48.95058301155846,94.86353088541054,35.82887489479494,60.290536006552486,74.49670129901985
800,969,2397,11.03425402308687,5.900456372048255,3.683603829110102,5.504791599376755,10.459761355820737,0.19069840165932492,-0.8459813095505166,-0.0711632143687241,-0.9334076763910051,0.2314184855845346,1.9946597722929877,-4.991675808571073,-0.2621370889404151,-5.1382147357909815,2.5535303555778217,19.06984016593249,84.59813095505166,7.1163214368724095,93.3407676391005,23.14184855845346
805,806,2231,8.893369119500393,4.073615714209575,1.231297368041226,17.44680947172208,19.61513753547491,-0.8484385026913434,0.6461171457053979,0.48861556713938575,-0.9417462462321687,-0.4945066310949894,-16.6422379206831,2.632032957965747,0.6016310618026967,-16.430467328722116,-4.397830002368352,84.84385026913434,64.61171457053979,48.861556713938576,94.17462462321687,49.45066310949894
939,946,2381,15.203451539619078,25.571508142776427,4.036235993944279,25.327342272550748,33.42538113866322,-0.6866965411437193,-0.824796285712313,-0.805135699879167,-0.9098855967278733,-0.2671472464111686,-22.953093614330545,-21.091284936224163,-3.2497176918618127,-23.044983937190928,-4.061560214754879,68.66965411437192,82.4796285712313,80.5135699879167,90.98855967278733,26.71472464111686
