start_frame,frame,permeated_ion,ionic_force_magnitude,glu_force_magnitude,asn_force_magnitude,residue_force_magnitude,total_force_magnitude,cosine_total_motion,cosine_glu_motion,cosine_asn_motion,cosine_residue_motion,cosine_ionic_motion,motion_component_total,motion_component_glu,motion_component_asn,motion_component_residue,motion_component_ionic,motion_component_percent_total,motion_component_percent_glu,motion_component_percent_asn,motion_component_percent_residue,motion_component_percent_ionic
900,969,2397,11.034254843515834,5.900456738353692,3.68360311785486,5.504791355736249,10.439266808002246,0.1856957978383004,-0.8459812909671507,-0.07116326039536439,-0.9334077103783106,0.23141846989015732,1.9385279787588645,-4.991676008808279,-0.2621372078690815,-5.138214695468089,2.5535303722644915,18.56957978383004,84.59812909671507,7.116326039536439,93.34077103783106,23.141846989015733
939,946,2381,15.203451821269311,25.571509545122687,4.036236743122771,25.32734356451523,33.4429350040142,-0.6879346159850875,-0.8247962890645292,-0.8051356042746892,-0.9098856080144486,-0.2671472398693047,-23.006552649400753,-21.09128617859538,-3.249717909169856,-23.04498539858977,-4.06156019053805,68.79346159850876,82.47962890645292,80.51356042746892,90.98856080144486,26.714723986930473
954,959,2223,14.149386548434736,6.384150339196537,8.065412847692054,8.183362279005593,20.611959761093928,0.4877285461080058,-0.9486353261395315,0.3582888049658589,-0.6029053788638082,0.7449669983863509,10.05304116671506,-6.056230539147507,2.889747130755871,-4.933793135203664,10.540826025995635,48.77285461080058,94.86353261395315,35.82888049658589,60.290537886380825,74.4966998386351
