Residue,Percentage
E152.B,42.480000000000004
N184.A,40.96
N184.C,39.6
N184.B,37.28
E152.D,33.2
E152.A,32.48
N184.D,31.119999999999997
E152.C,31.04
