ResiduePair,Percentage
"(E152.B, N184.B)",27.733659132559563
"(E152.A, N184.A)",24.89309712889432
"(E152.C, N184.C)",24.221136224801466
"(E152.D, N184.D)",23.152107513744653
