Residue,Percentage
E152.B,14.741810105496947
N184.A,14.214325374791784
N184.C,13.742365352581897
N184.B,12.937257079400332
E152.D,11.521377012770682
E152.A,11.27151582454192
N184.D,10.799555802332037
E152.C,10.771793448084397
