Residue,StartCount,Percentage
N184.C,5,27.77777777777778
N184.A,4,22.22222222222222
E152.C,3,16.666666666666664
E152.B,3,16.666666666666664
E152.D,2,11.11111111111111
E152.A,1,5.555555555555555
