Residue,Percentage
E152.C,16.471667813718742
D173.A,15.783436568020187
E152.D,15.462261986694195
E152.B,15.37814483444215
E141.A,10.766995488261834
N184.B,9.543473273686626
N184.D,8.671713695801788
N184.C,7.922306339374474
