Residue,StartCount,Percentage
E152.D,25,32.89473684210527
E152.C,13,17.105263157894736
E152.B,10,13.157894736842104
N184.D,7,9.210526315789473
E141.A,6,7.894736842105263
N184.C,6,7.894736842105263
N184.B,5,6.578947368421052
D173.A,4,5.263157894736842
