Residue,Percentage
E152.C,18.876863385746375
E152.D,18.5460486011844
D173.A,18.149887686338577
E141.A,11.117010414539514
N184.B,9.37308556258934
N184.C,8.882989585460486
E152.B,8.548090667755769
N184.D,6.506024096385541
