ResiduePair,Percentage
"(D173.A, E141.A)",29.407451537509736
"(E152.D, N184.D)",26.630310251592505
"(E152.C, N184.C)",26.227029008753032
"(E152.B, N184.B)",17.735209202144723
