Residue,StartCount,Percentage
N184.B,38,30.64516129032258
E152.D,30,24.193548387096776
E152.C,15,12.096774193548388
E152.B,11,8.870967741935484
N184.C,8,6.451612903225806
E141.A,8,6.451612903225806
N184.D,8,6.451612903225806
D173.A,4,3.225806451612903
